MSU,LArASIC
C:\EpsonRC70\projects\SimplifiedDUNE\FD_CE\QC\ChipTesting\RTS_Robot
C:\EpsonRC70\projects\SimplifiedDUNE\FD_CE\QC\ChipTesting\RTS_Robot
C:\Users\neutrino\Desktop\RTS
 -0.889, 57.362499237061, 0.33000183105469, 43.009214401245
 180, 90, -90, -90
 0, 0.29285497661601, -0.15577220485199, 1.152316994443
 -0.20516365249364, -0.18533288523562, 0.85716034371001
6, 6, 6, 20
32000
15000,40000
50000,90000
40000
10000,100000
0
4000,5000